insert into hexagonal_architecture."user" (email, first_name, last_name, "password", registered_date, date_of_birth)
values('lukasz@gfi', 'Lukasz', 'S', 'mleko', TIMESTAMP '2020-11-7 10:23:54', TIMESTAMP '1971-01-01 10:23:54');
insert into hexagonal_architecture."user" (email, first_name, last_name, "password", registered_date, date_of_birth)
values('uncle.bob@cleancode', 'Robert', 'Martin', 'Cecil', TIMESTAMP '2020-11-7 10:23:54', TIMESTAMP '1952-12-5 10:23:54');
insert into hexagonal_architecture."user" (email, first_name, last_name, "password", registered_date, date_of_birth)
values('Martin.Fowler@gfi', 'Martin', 'Fowler', '1963', TIMESTAMP '2020-11-7 10:23:54', TIMESTAMP '1963-12-5 10:23:54');
insert into hexagonal_architecture."user" (email, first_name, last_name, "password", registered_date, date_of_birth)
values('bruce.eckel@gfi', 'Bruce', 'Eckel', 'qwerty', TIMESTAMP '2020-11-7 10:23:54', TIMESTAMP '1963-12-5 10:23:54');


insert into thread(id, forum_name, thread_name, creator) values(-1010,'java','thread-java-0','uncle.bob@cleancode');
	insert into post(id, thread_id, content, title, author) values(-1010,-1010,'clean code','Title-1010','Martin.Fowler@gfi');
	insert into post(id, thread_id, content, title, author) values(-1020,-1010,'solid','Title-1020','bruce.eckel@gfi');
	insert into post(id, thread_id, content, title, author) values(-1030,-1010,'GRASP','Title-1030','uncle.bob@cleancode');
	insert into post(id, thread_id, content, title, author) values(-1040,-1010,'object-oriented design','Title-1040','Martin.Fowler@gfi');
	insert into post(id, thread_id, content, title, author) values(-1050,-1010,'Law of Demeter','Title-1050','bruce.eckel@gfi');
	insert into post(id, thread_id, content, title, author) values(-1060,-1010,'keep it simple stupid','Title-1060','uncle.bob@cleancode');
	insert into post(id, thread_id, content, title, author) values(-1070,-1010,'tackling complexity in the heart of software','Title-1070','Martin.Fowler@gfi');
insert into thread(id, forum_name, thread_name, creator) values(-1020,'java','thread-java-1','bruce.eckel@gfi');
	insert into post(id, thread_id, content, title, author) values(-1080,-1020,'dependency inversion','Title-1080','uncle.bob@cleancode');
	insert into post(id, thread_id, content, title, author) values(-1090,-1020,'hexagonal architecture','Title-1090','Martin.Fowler@gfi');
	insert into post(id, thread_id, content, title, author) values(-1100,-1020,'think big start small','Title-1100','bruce.eckel@gfi');
	insert into post(id, thread_id, content, title, author) values(-1110,-1020,'functional programing','Title-1110','uncle.bob@cleancode');
	insert into post(id, thread_id, content, title, author) values(-1120,-1020,'test driven development','Title-1120','Martin.Fowler@gfi');
	insert into post(id, thread_id, content, title, author) values(-1130,-1020,'specification as example','Title-1130','bruce.eckel@gfi');
	insert into post(id, thread_id, content, title, author) values(-1140,-1020,'infrastructure as a code','Title-1140','uncle.bob@cleancode');
insert into thread(id, forum_name, thread_name, creator) values(-1030,'java','thread-java-2','Martin.Fowler@gfi');
	insert into post(id, thread_id, content, title, author) values(-1150,-1030,'thinking in java','Title-1150','bruce.eckel@gfi');
	insert into post(id, thread_id, content, title, author) values(-1160,-1030,'clean code','Title-1160','uncle.bob@cleancode');
	insert into post(id, thread_id, content, title, author) values(-1170,-1030,'solid','Title-1170','Martin.Fowler@gfi');
	insert into post(id, thread_id, content, title, author) values(-1180,-1030,'GRASP','Title-1180','bruce.eckel@gfi');
	insert into post(id, thread_id, content, title, author) values(-1190,-1030,'object-oriented design','Title-1190','uncle.bob@cleancode');
	insert into post(id, thread_id, content, title, author) values(-1200,-1030,'Law of Demeter','Title-1200','Martin.Fowler@gfi');
	insert into post(id, thread_id, content, title, author) values(-1210,-1030,'keep it simple stupid','Title-1210','bruce.eckel@gfi');
insert into thread(id, forum_name, thread_name, creator) values(-1040,'scala','thread-scala-0','uncle.bob@cleancode');
	insert into post(id, thread_id, content, title, author) values(-1220,-1040,'tackling complexity in the heart of software','Title-1220','Martin.Fowler@gfi');
	insert into post(id, thread_id, content, title, author) values(-1230,-1040,'dependency inversion','Title-1230','bruce.eckel@gfi');
	insert into post(id, thread_id, content, title, author) values(-1240,-1040,'hexagonal architecture','Title-1240','uncle.bob@cleancode');
	insert into post(id, thread_id, content, title, author) values(-1250,-1040,'think big start small','Title-1250','Martin.Fowler@gfi');
	insert into post(id, thread_id, content, title, author) values(-1260,-1040,'functional programing','Title-1260','bruce.eckel@gfi');
	insert into post(id, thread_id, content, title, author) values(-1270,-1040,'test driven development','Title-1270','uncle.bob@cleancode');
	insert into post(id, thread_id, content, title, author) values(-1280,-1040,'specification as example','Title-1280','Martin.Fowler@gfi');
insert into thread(id, forum_name, thread_name, creator) values(-1050,'scala','thread-scala-1','bruce.eckel@gfi');
	insert into post(id, thread_id, content, title, author) values(-1290,-1050,'infrastructure as a code','Title-1290','uncle.bob@cleancode');
	insert into post(id, thread_id, content, title, author) values(-1300,-1050,'thinking in java','Title-1300','Martin.Fowler@gfi');
	insert into post(id, thread_id, content, title, author) values(-1310,-1050,'clean code','Title-1310','bruce.eckel@gfi');
	insert into post(id, thread_id, content, title, author) values(-1320,-1050,'solid','Title-1320','uncle.bob@cleancode');
	insert into post(id, thread_id, content, title, author) values(-1330,-1050,'GRASP','Title-1330','Martin.Fowler@gfi');
	insert into post(id, thread_id, content, title, author) values(-1340,-1050,'object-oriented design','Title-1340','bruce.eckel@gfi');
	insert into post(id, thread_id, content, title, author) values(-1350,-1050,'Law of Demeter','Title-1350','uncle.bob@cleancode');
insert into thread(id, forum_name, thread_name, creator) values(-1060,'scala','thread-scala-2','Martin.Fowler@gfi');
	insert into post(id, thread_id, content, title, author) values(-1360,-1060,'keep it simple stupid','Title-1360','bruce.eckel@gfi');
	insert into post(id, thread_id, content, title, author) values(-1370,-1060,'tackling complexity in the heart of software','Title-1370','uncle.bob@cleancode');
	insert into post(id, thread_id, content, title, author) values(-1380,-1060,'dependency inversion','Title-1380','Martin.Fowler@gfi');
	insert into post(id, thread_id, content, title, author) values(-1390,-1060,'hexagonal architecture','Title-1390','bruce.eckel@gfi');
	insert into post(id, thread_id, content, title, author) values(-1400,-1060,'think big start small','Title-1400','uncle.bob@cleancode');
	insert into post(id, thread_id, content, title, author) values(-1410,-1060,'functional programing','Title-1410','Martin.Fowler@gfi');
	insert into post(id, thread_id, content, title, author) values(-1420,-1060,'test driven development','Title-1420','bruce.eckel@gfi');
insert into thread(id, forum_name, thread_name, creator) values(-1070,'groovy','thread-groovy-0','uncle.bob@cleancode');
	insert into post(id, thread_id, content, title, author) values(-1430,-1070,'specification as example','Title-1430','Martin.Fowler@gfi');
	insert into post(id, thread_id, content, title, author) values(-1440,-1070,'infrastructure as a code','Title-1440','bruce.eckel@gfi');
	insert into post(id, thread_id, content, title, author) values(-1450,-1070,'thinking in java','Title-1450','uncle.bob@cleancode');
	insert into post(id, thread_id, content, title, author) values(-1460,-1070,'clean code','Title-1460','Martin.Fowler@gfi');
	insert into post(id, thread_id, content, title, author) values(-1470,-1070,'solid','Title-1470','bruce.eckel@gfi');
	insert into post(id, thread_id, content, title, author) values(-1480,-1070,'GRASP','Title-1480','uncle.bob@cleancode');
	insert into post(id, thread_id, content, title, author) values(-1490,-1070,'object-oriented design','Title-1490','Martin.Fowler@gfi');
insert into thread(id, forum_name, thread_name, creator) values(-1080,'groovy','thread-groovy-1','bruce.eckel@gfi');
	insert into post(id, thread_id, content, title, author) values(-1500,-1080,'Law of Demeter','Title-1500','uncle.bob@cleancode');
	insert into post(id, thread_id, content, title, author) values(-1510,-1080,'keep it simple stupid','Title-1510','Martin.Fowler@gfi');
	insert into post(id, thread_id, content, title, author) values(-1520,-1080,'tackling complexity in the heart of software','Title-1520','bruce.eckel@gfi');
	insert into post(id, thread_id, content, title, author) values(-1530,-1080,'dependency inversion','Title-1530','uncle.bob@cleancode');
	insert into post(id, thread_id, content, title, author) values(-1540,-1080,'hexagonal architecture','Title-1540','Martin.Fowler@gfi');
	insert into post(id, thread_id, content, title, author) values(-1550,-1080,'think big start small','Title-1550','bruce.eckel@gfi');
	insert into post(id, thread_id, content, title, author) values(-1560,-1080,'functional programing','Title-1560','uncle.bob@cleancode');
insert into thread(id, forum_name, thread_name, creator) values(-1090,'groovy','thread-groovy-2','Martin.Fowler@gfi');
	insert into post(id, thread_id, content, title, author) values(-1570,-1090,'test driven development','Title-1570','bruce.eckel@gfi');
	insert into post(id, thread_id, content, title, author) values(-1580,-1090,'specification as example','Title-1580','uncle.bob@cleancode');
	insert into post(id, thread_id, content, title, author) values(-1590,-1090,'infrastructure as a code','Title-1590','Martin.Fowler@gfi');
	insert into post(id, thread_id, content, title, author) values(-1600,-1090,'thinking in java','Title-1600','bruce.eckel@gfi');
	insert into post(id, thread_id, content, title, author) values(-1610,-1090,'clean code','Title-1610','uncle.bob@cleancode');
	insert into post(id, thread_id, content, title, author) values(-1620,-1090,'solid','Title-1620','Martin.Fowler@gfi');
	insert into post(id, thread_id, content, title, author) values(-1630,-1090,'GRASP','Title-1630','bruce.eckel@gfi');
insert into thread(id, forum_name, thread_name, creator) values(-1100,'kotlin','thread-kotlin-0','uncle.bob@cleancode');
	insert into post(id, thread_id, content, title, author) values(-1640,-1100,'object-oriented design','Title-1640','Martin.Fowler@gfi');
	insert into post(id, thread_id, content, title, author) values(-1650,-1100,'Law of Demeter','Title-1650','bruce.eckel@gfi');
	insert into post(id, thread_id, content, title, author) values(-1660,-1100,'keep it simple stupid','Title-1660','uncle.bob@cleancode');
	insert into post(id, thread_id, content, title, author) values(-1670,-1100,'tackling complexity in the heart of software','Title-1670','Martin.Fowler@gfi');
	insert into post(id, thread_id, content, title, author) values(-1680,-1100,'dependency inversion','Title-1680','bruce.eckel@gfi');
	insert into post(id, thread_id, content, title, author) values(-1690,-1100,'hexagonal architecture','Title-1690','uncle.bob@cleancode');
	insert into post(id, thread_id, content, title, author) values(-1700,-1100,'think big start small','Title-1700','Martin.Fowler@gfi');
insert into thread(id, forum_name, thread_name, creator) values(-1110,'kotlin','thread-kotlin-1','bruce.eckel@gfi');
	insert into post(id, thread_id, content, title, author) values(-1710,-1110,'functional programing','Title-1710','uncle.bob@cleancode');
	insert into post(id, thread_id, content, title, author) values(-1720,-1110,'test driven development','Title-1720','Martin.Fowler@gfi');
	insert into post(id, thread_id, content, title, author) values(-1730,-1110,'specification as example','Title-1730','bruce.eckel@gfi');
	insert into post(id, thread_id, content, title, author) values(-1740,-1110,'infrastructure as a code','Title-1740','uncle.bob@cleancode');
	insert into post(id, thread_id, content, title, author) values(-1750,-1110,'thinking in java','Title-1750','Martin.Fowler@gfi');
	insert into post(id, thread_id, content, title, author) values(-1760,-1110,'clean code','Title-1760','bruce.eckel@gfi');
	insert into post(id, thread_id, content, title, author) values(-1770,-1110,'solid','Title-1770','uncle.bob@cleancode');
insert into thread(id, forum_name, thread_name, creator) values(-1120,'kotlin','thread-kotlin-2','Martin.Fowler@gfi');
	insert into post(id, thread_id, content, title, author) values(-1780,-1120,'GRASP','Title-1780','bruce.eckel@gfi');
	insert into post(id, thread_id, content, title, author) values(-1790,-1120,'object-oriented design','Title-1790','uncle.bob@cleancode');
	insert into post(id, thread_id, content, title, author) values(-1800,-1120,'Law of Demeter','Title-1800','Martin.Fowler@gfi');
	insert into post(id, thread_id, content, title, author) values(-1810,-1120,'keep it simple stupid','Title-1810','bruce.eckel@gfi');
	insert into post(id, thread_id, content, title, author) values(-1820,-1120,'tackling complexity in the heart of software','Title-1820','uncle.bob@cleancode');
	insert into post(id, thread_id, content, title, author) values(-1830,-1120,'dependency inversion','Title-1830','Martin.Fowler@gfi');
	insert into post(id, thread_id, content, title, author) values(-1840,-1120,'hexagonal architecture','Title-1840','bruce.eckel@gfi');
insert into thread(id, forum_name, thread_name, creator) values(-1130,'javascript','thread-javascript-0','uncle.bob@cleancode');
	insert into post(id, thread_id, content, title, author) values(-1850,-1130,'think big start small','Title-1850','Martin.Fowler@gfi');
	insert into post(id, thread_id, content, title, author) values(-1860,-1130,'functional programing','Title-1860','bruce.eckel@gfi');
	insert into post(id, thread_id, content, title, author) values(-1870,-1130,'test driven development','Title-1870','uncle.bob@cleancode');
	insert into post(id, thread_id, content, title, author) values(-1880,-1130,'specification as example','Title-1880','Martin.Fowler@gfi');
	insert into post(id, thread_id, content, title, author) values(-1890,-1130,'infrastructure as a code','Title-1890','bruce.eckel@gfi');
	insert into post(id, thread_id, content, title, author) values(-1900,-1130,'thinking in java','Title-1900','uncle.bob@cleancode');
	insert into post(id, thread_id, content, title, author) values(-1910,-1130,'clean code','Title-1910','Martin.Fowler@gfi');
insert into thread(id, forum_name, thread_name, creator) values(-1140,'javascript','thread-javascript-1','bruce.eckel@gfi');
	insert into post(id, thread_id, content, title, author) values(-1920,-1140,'solid','Title-1920','uncle.bob@cleancode');
	insert into post(id, thread_id, content, title, author) values(-1930,-1140,'GRASP','Title-1930','Martin.Fowler@gfi');
	insert into post(id, thread_id, content, title, author) values(-1940,-1140,'object-oriented design','Title-1940','bruce.eckel@gfi');
	insert into post(id, thread_id, content, title, author) values(-1950,-1140,'Law of Demeter','Title-1950','uncle.bob@cleancode');
	insert into post(id, thread_id, content, title, author) values(-1960,-1140,'keep it simple stupid','Title-1960','Martin.Fowler@gfi');
	insert into post(id, thread_id, content, title, author) values(-1970,-1140,'tackling complexity in the heart of software','Title-1970','bruce.eckel@gfi');
	insert into post(id, thread_id, content, title, author) values(-1980,-1140,'dependency inversion','Title-1980','uncle.bob@cleancode');
insert into thread(id, forum_name, thread_name, creator) values(-1150,'javascript','thread-javascript-2','Martin.Fowler@gfi');
	insert into post(id, thread_id, content, title, author) values(-1990,-1150,'hexagonal architecture','Title-1990','bruce.eckel@gfi');
	insert into post(id, thread_id, content, title, author) values(-2000,-1150,'think big start small','Title-2000','uncle.bob@cleancode');
	insert into post(id, thread_id, content, title, author) values(-2010,-1150,'functional programing','Title-2010','Martin.Fowler@gfi');
	insert into post(id, thread_id, content, title, author) values(-2020,-1150,'test driven development','Title-2020','bruce.eckel@gfi');
	insert into post(id, thread_id, content, title, author) values(-2030,-1150,'specification as example','Title-2030','uncle.bob@cleancode');
	insert into post(id, thread_id, content, title, author) values(-2040,-1150,'infrastructure as a code','Title-2040','Martin.Fowler@gfi');
	insert into post(id, thread_id, content, title, author) values(-2050,-1150,'thinking in java','Title-2050','bruce.eckel@gfi');
insert into thread(id, forum_name, thread_name, creator) values(-1160,'ruby','thread-ruby-0','uncle.bob@cleancode');
	insert into post(id, thread_id, content, title, author) values(-2060,-1160,'clean code','Title-2060','Martin.Fowler@gfi');
	insert into post(id, thread_id, content, title, author) values(-2070,-1160,'solid','Title-2070','bruce.eckel@gfi');
	insert into post(id, thread_id, content, title, author) values(-2080,-1160,'GRASP','Title-2080','uncle.bob@cleancode');
	insert into post(id, thread_id, content, title, author) values(-2090,-1160,'object-oriented design','Title-2090','Martin.Fowler@gfi');
	insert into post(id, thread_id, content, title, author) values(-2100,-1160,'Law of Demeter','Title-2100','bruce.eckel@gfi');
	insert into post(id, thread_id, content, title, author) values(-2110,-1160,'keep it simple stupid','Title-2110','uncle.bob@cleancode');
	insert into post(id, thread_id, content, title, author) values(-2120,-1160,'tackling complexity in the heart of software','Title-2120','Martin.Fowler@gfi');
insert into thread(id, forum_name, thread_name, creator) values(-1170,'ruby','thread-ruby-1','bruce.eckel@gfi');
	insert into post(id, thread_id, content, title, author) values(-2130,-1170,'dependency inversion','Title-2130','uncle.bob@cleancode');
	insert into post(id, thread_id, content, title, author) values(-2140,-1170,'hexagonal architecture','Title-2140','Martin.Fowler@gfi');
	insert into post(id, thread_id, content, title, author) values(-2150,-1170,'think big start small','Title-2150','bruce.eckel@gfi');
	insert into post(id, thread_id, content, title, author) values(-2160,-1170,'functional programing','Title-2160','uncle.bob@cleancode');
	insert into post(id, thread_id, content, title, author) values(-2170,-1170,'test driven development','Title-2170','Martin.Fowler@gfi');
	insert into post(id, thread_id, content, title, author) values(-2180,-1170,'specification as example','Title-2180','bruce.eckel@gfi');
	insert into post(id, thread_id, content, title, author) values(-2190,-1170,'infrastructure as a code','Title-2190','uncle.bob@cleancode');
insert into thread(id, forum_name, thread_name, creator) values(-1180,'ruby','thread-ruby-2','Martin.Fowler@gfi');
	insert into post(id, thread_id, content, title, author) values(-2200,-1180,'thinking in java','Title-2200','bruce.eckel@gfi');
	insert into post(id, thread_id, content, title, author) values(-2210,-1180,'clean code','Title-2210','uncle.bob@cleancode');
	insert into post(id, thread_id, content, title, author) values(-2220,-1180,'solid','Title-2220','Martin.Fowler@gfi');
	insert into post(id, thread_id, content, title, author) values(-2230,-1180,'GRASP','Title-2230','bruce.eckel@gfi');
	insert into post(id, thread_id, content, title, author) values(-2240,-1180,'object-oriented design','Title-2240','uncle.bob@cleancode');
	insert into post(id, thread_id, content, title, author) values(-2250,-1180,'Law of Demeter','Title-2250','Martin.Fowler@gfi');
	insert into post(id, thread_id, content, title, author) values(-2260,-1180,'keep it simple stupid','Title-2260','bruce.eckel@gfi');
